{
    "2": {
        "DCT_OMP": 0.057391629219055176,
        "DCT_SP": 0.13643680810928344,
        "FFT_OMP": 0.3841570448875427,
        "FFT_SP": 0.5544139623641968,
        "IDCT": 0.00029994964599609373,
        "IFFT": 0.011356322765350342,
        "old_csi": 5.995178222656251e-05,
        "net": 0.0001340177059173584
    },
    "4": {
        "DCT_OMP": 0.033139333724975586,
        "DCT_SP": 0.10188701152801513,
        "FFT_OMP": 0.10375823259353638,
        "FFT_SP": 0.2466219472885132,
        "IDCT": 0.00027997732162475585,
        "IFFT": 0.011576144695281983,
        "old_csi": 5.192399024963379e-05,
        "net": 0.00012399220466613768
    },
    "8": {
        "DCT_OMP": 0.023462612628936768,
        "DCT_SP": 0.08938114643096924,
        "FFT_OMP": 0.0610310959815979,
        "FFT_SP": 0.1960084867477417,
        "IDCT": 0.00026018857955932616,
        "IFFT": 0.010956661701202393,
        "old_csi": 5.096387863159179e-05,
        "net": 0.00012392687797546388
    },
    "16": {
        "DCT_OMP-": 0.015175082683563233,
        "DCT_SP-": 0.0629303765296936,
        "FFT_OMP-": 0.04049768447875977,
        "FFT_SP-": 0.12920917749404906,
        "IDCT-": 0.0002699398994445801,
        "IFFT-": 0.011186189651489258,
        "old_csi": 5.992221832275391e-05,
        "net": 0.00011992168426513672
    },
    "32": {
        "DCT_OMP-": 0.013175737857818604,
        "DCT_SP-": 0.002909877300262451,
        "FFT_OMP-": 0.02822176933288574,
        "FFT_SP-": 0.005827722549438477,
        "IDCT-": 0.0002991843223571777,
        "IFFT-": 0.011406304836273194,
        "old_csi": 5.185985565185547e-05,
        "net": 0.00012201452255249025
    }
}