{
    "2": {
        "DCT_OMP": 0.05861287117004395,
        "DCT_SP": 0.13986919641494752,
        "FFT_OMP": 0.38538543462753294,
        "FFT_SP": 0.5530028414726257,
        "old_csi": 1.5623331069946288e-05,
        "net": 9.375262260437011e-05
    },
    "4": {
        "DCT_OMP": 0.03687187910079956,
        "DCT_SP": 0.10717849254608154,
        "FFT_OMP": 0.1109335732460022,
        "FFT_SP": 0.24334839582443238,
        "old_csi": 1.5628576278686524e-05,
        "net": 7.807421684265136e-05
    },
    "8": {
        "DCT_OMP": 0.02468543291091919,
        "DCT_SP": 0.09548352003097534,
        "FFT_OMP": 0.06641296148300171,
        "FFT_SP": 0.19824891090393065,
        "old_csi": 0.0,
        "net": 9.377074241638184e-05
    },
    "16": {
        "DCT_OMP-": 0.017630176544189455,
        "DCT_SP-": 0.06578832387924194,
        "FFT_OMP-": 0.042496392726898195,
        "FFT_SP-": 0.12790800571441652,
        "old_csi": 1.562666893005371e-05,
        "net": 6.244325637817383e-05
    },
    "32": {
        "DCT_OMP-": 0.014217560291290282,
        "DCT_SP-": 0.0032809829711914064,
        "FFT_OMP-": 0.029348034858703614,
        "FFT_SP-": 0.006163196563720703,
        "old_csi": 1.5627384185791017e-05,
        "net": 9.36760902404785e-05
    }
}