{
    "2": {
        "DCT_OMP": 0.046111605167388915,
        "DCT_SP": 0.12691953420639038,
        "FFT_OMP": 0.35461881160736086,
        "FFT_SP": 0.5057788848876953,
        "old_csi": 4.2911291122436524e-05,
        "net": 0.0001059417724609375
    },
    "4": {
        "DCT_OMP": 0.029846105575561523,
        "DCT_SP": 0.09612936973571777,
        "FFT_OMP": 0.08961620330810546,
        "FFT_SP": 0.20954269170761108,
        "old_csi": 3.99169921875e-05,
        "net": 9.896993637084961e-05
    },
    "8": {
        "DCT_OMP": 0.019217450618743897,
        "DCT_SP": 0.08322346925735474,
        "FFT_OMP": 0.053133273124694826,
        "FFT_SP": 0.17439111471176147,
        "old_csi": 3.8933992385864255e-05,
        "net": 0.00010796427726745604
    },
    "16": {
        "DCT_OMP-": 0.013105390071868896,
        "DCT_SP-": 0.0597309947013855,
        "FFT_OMP-": 0.032966034412384035,
        "FFT_SP-": 0.11971144676208496,
        "old_csi": 3.791975975036621e-05,
        "net": 9.996461868286132e-05
    },
    "32": {
        "DCT_OMP-": 0.010936324596405029,
        "DCT_SP-": 0.0031190919876098633,
        "FFT_OMP-": 0.025075366497039796,
        "FFT_SP-": 0.005284759998321533,
        "old_csi": 3.791975975036622e-05,
        "net": 0.0001029653549194336
    }
}