{
    "2": {
        "DCT_OMP": 0.05376230001449585,
        "DCT_SP": 0.12605937719345092,
        "FFT_OMP": 0.36928185224533083,
        "FFT_SP": 0.5411676478385925,
        "IDCT": 9.97161865234375e-05,
        "IFFT": 0.010196964740753173,
        "old_csi": 6.696319580078124e-05,
        "net": 0.00013204216957092286
    },
    "4": {
        "DCT_OMP": 0.0343790602684021,
        "DCT_SP": 0.10801605939865112,
        "FFT_OMP": 0.10246876239776612,
        "FFT_SP": 0.24692182540893554,
        "IDCT": 0.0001697826385498047,
        "IFFT": 0.011256201267242432,
        "old_csi": 6.200289726257325e-05,
        "net": 0.00012102484703063964
    },
    "8": {
        "DCT_OMP": 0.022622716426849366,
        "DCT_SP": 0.09068091869354249,
        "FFT_OMP": 0.06083088874816894,
        "FFT_SP": 0.19965811014175416,
        "IDCT": 0.00021997928619384765,
        "IFFT": 0.011506290435791015,
        "old_csi": 6.303000450134278e-05,
        "net": 0.0001369049549102783
    },
    "16": {
        "DCT_OMP-": 0.01584481954574585,
        "DCT_SP-": 0.06154095411300659,
        "FFT_OMP-": 0.03804840803146362,
        "FFT_SP-": 0.12597059965133667,
        "IDCT-": 0.00025994539260864257,
        "IFFT-": 0.011226038932800293,
        "old_csi": 5.103492736816407e-05,
        "net": 0.00012302851676940918
    },
    "32": {
        "DCT_OMP-": 0.011836347579956054,
        "DCT_SP-": 0.0032288575172424315,
        "FFT_OMP-": 0.02718196153640747,
        "FFT_SP-": 0.005707652568817139,
        "IDCT-": 0.00029997587203979493,
        "IFFT-": 0.011476500034332275,
        "old_csi": 5.4943799972534185e-05,
        "net": 0.00012099838256835938
    }
}